{
	"name": "runtime",
	"version": "1.26.6",
	"buildTimestamp": "",
	"scmRevision": "",
	"gav": "com.sap.openui5.dist:runtime:1.26.6:war",
	"libraries": [
		{
			"name": "sap.ui.core",
			"version": "1.26.6",
			"buildTimestamp": "201502031658",
			"scmRevision": "39468400ba44ed26584f02787e3b65fa66942b87",
			"gav": "com.sap.ui5:core:1.26.6:jar"
		},
		{
			"name": "sap.m",
			"version": "1.26.6",
			"buildTimestamp": "201502031658",
			"scmRevision": "39468400ba44ed26584f02787e3b65fa66942b87",
			"gav": "com.sap.ui5:mobile:1.26.6:jar"
		},
		{
			"name": "sap.ui.commons",
			"version": "1.26.6",
			"buildTimestamp": "201502031658",
			"scmRevision": "39468400ba44ed26584f02787e3b65fa66942b87",
			"gav": "com.sap.ui5:commons:1.26.6:jar"
		},
		{
			"name": "sap.ui.layout",
			"version": "1.26.6",
			"buildTimestamp": "201502031658",
			"scmRevision": "39468400ba44ed26584f02787e3b65fa66942b87",
			"gav": "com.sap.ui5:layout:1.26.6:jar"
		},
		{
			"name": "sap.ui.suite",
			"version": "1.26.6",
			"buildTimestamp": "201502031658",
			"scmRevision": "39468400ba44ed26584f02787e3b65fa66942b87",
			"gav": "com.sap.ui5:suite:1.26.6:jar"
		},
		{
			"name": "sap.ui.table",
			"version": "1.26.6",
			"buildTimestamp": "201502031658",
			"scmRevision": "39468400ba44ed26584f02787e3b65fa66942b87",
			"gav": "com.sap.ui5:table:1.26.6:jar"
		},
		{
			"name": "sap.ui.unified",
			"version": "1.26.6",
			"buildTimestamp": "201502031658",
			"scmRevision": "39468400ba44ed26584f02787e3b65fa66942b87",
			"gav": "com.sap.ui5:unified:1.26.6:jar"
		},
		{
			"name": "sap.ui.ux3",
			"version": "1.26.6",
			"buildTimestamp": "201502031658",
			"scmRevision": "39468400ba44ed26584f02787e3b65fa66942b87",
			"gav": "com.sap.ui5:ux3:1.26.6:jar"
		},
		{
			"name": "themelib_sap_bluecrystal",
			"version": "1.26.6",
			"buildTimestamp": "201502031658",
			"scmRevision": "39468400ba44ed26584f02787e3b65fa66942b87",
			"gav": "com.sap.ui5:themelib_sap_bluecrystal:1.26.6:jar"
		},
		{
			"name": "themelib_sap_goldreflection",
			"version": "1.26.6",
			"buildTimestamp": "201502031658",
			"scmRevision": "39468400ba44ed26584f02787e3b65fa66942b87",
			"gav": "com.sap.ui5:themelib_sap_goldreflection:1.26.6:jar"
		}
	]
}