{
  "modules" : [
    {
      "name" : "sap/ui/unified/Calendar.js",
      "description" : "Provides control sap.ui.unified.Calendar.",
      "size" : 47824,
      "compressedSize" : 22494,
      "required" : ["jquery.sap.global.js", "sap/ui/core/Control.js", "sap/ui/core/LocaleData.js", "sap/ui/core/delegate/ItemNavigation.js", "sap/ui/model/type/Date.js", "sap/ui/unified/library.js"],
      "includes" : []
    },
    {
      "name" : "sap/ui/unified/CalendarLegend.js",
      "description" : "Provides control sap.ui.unified.CalendarLegend.",
      "size" : 1938,
      "compressedSize" : 797,
      "required" : ["jquery.sap.global.js", "sap/ui/core/Control.js", "sap/ui/unified/library.js"],
      "includes" : []
    },
    {
      "name" : "sap/ui/unified/CalendarLegendItem.js",
      "description" : "Provides control sap.ui.unified.CalendarLegendItem.",
      "size" : 1472,
      "compressedSize" : 468,
      "required" : ["jquery.sap.global.js", "sap/ui/core/Element.js", "sap/ui/unified/library.js"],
      "includes" : []
    },
    {
      "name" : "sap/ui/unified/CalendarLegendRenderer.js",
      "description" : "SAP UI development toolkit for HTML5 (SAPUI5/OpenUI5) (c) Copyright 2009-2015 SAP SE or an SAP affiliate company. Licensed under the Apache License, Version 2.0 - see LICENSE.txt.",
      "size" : 3111,
      "compressedSize" : 1520,
      "required" : ["jquery.sap.global.js"],
      "includes" : []
    },
    {
      "name" : "sap/ui/unified/CalendarRenderer.js",
      "description" : "! SAP UI development toolkit for HTML5 (SAPUI5/OpenUI5) (c) Copyright 2009-2015 SAP SE or an SAP affiliate company. Licensed under the Apache License, Version 2.0 - see LICENSE.txt.",
      "size" : 10929,
      "compressedSize" : 5792,
      "required" : ["jquery.sap.global.js"],
      "includes" : []
    },
    {
      "name" : "sap/ui/unified/ContentSwitcher.js",
      "description" : "Provides control sap.ui.unified.ContentSwitcher.",
      "size" : 5951,
      "compressedSize" : 2022,
      "required" : ["jquery.sap.global.js", "sap/ui/core/Control.js", "sap/ui/unified/library.js"],
      "includes" : []
    },
    {
      "name" : "sap/ui/unified/ContentSwitcherRenderer.js",
      "description" : "! SAP UI development toolkit for HTML5 (SAPUI5/OpenUI5) (c) Copyright 2009-2015 SAP SE or an SAP affiliate company. Licensed under the Apache License, Version 2.0 - see LICENSE.txt.",
      "size" : 2004,
      "compressedSize" : 1130,
      "required" : ["jquery.sap.global.js"],
      "includes" : []
    },
    {
      "name" : "sap/ui/unified/Currency.js",
      "description" : "Provides control sap.ui.unified.Currency.",
      "size" : 4234,
      "compressedSize" : 1672,
      "required" : ["jquery.sap.global.js", "sap/ui/core/Control.js", "sap/ui/core/LocaleData.js", "sap/ui/core/format/NumberFormat.js", "sap/ui/unified/library.js"],
      "includes" : []
    },
    {
      "name" : "sap/ui/unified/CurrencyRenderer.js",
      "description" : "Provides default renderer for control sap.ui.unified.Menu",
      "size" : 1741,
      "compressedSize" : 921,
      "required" : ["jquery.sap.global.js"],
      "includes" : []
    },
    {
      "name" : "sap/ui/unified/DateRange.js",
      "description" : "Provides control sap.ui.unified.DateRange.",
      "size" : 2376,
      "compressedSize" : 1111,
      "required" : ["jquery.sap.global.js", "sap/ui/core/Element.js", "sap/ui/unified/library.js"],
      "includes" : []
    },
    {
      "name" : "sap/ui/unified/DateTypeRange.js",
      "description" : "Provides control sap.ui.unified.DateTypeRange.",
      "size" : 1524,
      "compressedSize" : 485,
      "required" : ["jquery.sap.global.js", "sap/ui/unified/DateRange.js", "sap/ui/unified/library.js"],
      "includes" : []
    },
    {
      "name" : "sap/ui/unified/FileUploader.js",
      "description" : "Provides control sap.ui.unified.FileUploader.",
      "size" : 43033,
      "compressedSize" : 17026,
      "required" : ["jquery.sap.global.js", "sap/ui/core/Control.js", "sap/ui/unified/library.js"],
      "includes" : []
    },
    {
      "name" : "sap/ui/unified/FileUploaderParameter.js",
      "description" : "Provides control sap.ui.unified.FileUploaderParameter.",
      "size" : 1545,
      "compressedSize" : 524,
      "required" : ["jquery.sap.global.js", "sap/ui/core/Element.js", "sap/ui/unified/library.js"],
      "includes" : []
    },
    {
      "name" : "sap/ui/unified/FileUploaderRenderer.js",
      "description" : "Provides default renderer for control sap.ui.unified.FileUploader",
      "size" : 2962,
      "compressedSize" : 1748,
      "required" : ["jquery.sap.global.js"],
      "includes" : []
    },
    {
      "name" : "sap/ui/unified/Menu.js",
      "description" : "Provides control sap.ui.unified.Menu.",
      "size" : 35074,
      "compressedSize" : 16138,
      "required" : ["jquery.sap.global.js", "sap/ui/core/Control.js", "sap/ui/core/Popup.js", "sap/ui/unified/MenuItemBase.js", "sap/ui/unified/library.js", "jquery.sap.script.js"],
      "includes" : []
    },
    {
      "name" : "sap/ui/unified/MenuItem.js",
      "description" : "Provides control sap.ui.unified.MenuItem.",
      "size" : 3609,
      "compressedSize" : 1919,
      "required" : ["jquery.sap.global.js", "sap/ui/core/IconPool.js", "sap/ui/unified/MenuItemBase.js", "sap/ui/unified/library.js"],
      "includes" : []
    },
    {
      "name" : "sap/ui/unified/MenuItemBase.js",
      "description" : "Provides control sap.ui.unified.MenuItemBase.",
      "size" : 3961,
      "compressedSize" : 1585,
      "required" : ["jquery.sap.global.js", "sap/ui/core/Element.js", "sap/ui/unified/library.js"],
      "includes" : []
    },
    {
      "name" : "sap/ui/unified/MenuRenderer.js",
      "description" : "Provides default renderer for control sap.ui.unified.Menu",
      "size" : 3601,
      "compressedSize" : 2006,
      "required" : ["jquery.sap.global.js"],
      "includes" : []
    },
    {
      "name" : "sap/ui/unified/MenuTextFieldItem.js",
      "description" : "Provides control sap.ui.unified.MenuTextFieldItem.",
      "size" : 9957,
      "compressedSize" : 5051,
      "required" : ["jquery.sap.global.js", "sap/ui/core/ValueStateSupport.js", "sap/ui/unified/MenuItemBase.js", "sap/ui/unified/library.js"],
      "includes" : []
    },
    {
      "name" : "sap/ui/unified/Shell.js",
      "description" : "Provides control sap.ui.unified.Shell.",
      "size" : 7995,
      "compressedSize" : 3684,
      "required" : ["jquery.sap.global.js", "sap/ui/unified/ShellHeader.js", "sap/ui/unified/ShellLayout.js", "sap/ui/unified/library.js"],
      "includes" : []
    },
    {
      "name" : "sap/ui/unified/ShellHeadItem.js",
      "description" : "Provides control sap.ui.unified.ShellHeadItem.",
      "size" : 4823,
      "compressedSize" : 2174,
      "required" : ["jquery.sap.global.js", "sap/ui/core/Element.js", "sap/ui/core/IconPool.js", "sap/ui/unified/library.js"],
      "includes" : []
    },
    {
      "name" : "sap/ui/unified/ShellHeadUserItem.js",
      "description" : "Provides control sap.ui.unified.ShellHeadUserItem.",
      "size" : 3695,
      "compressedSize" : 1624,
      "required" : ["jquery.sap.global.js", "sap/ui/core/Element.js", "sap/ui/core/IconPool.js", "sap/ui/unified/library.js"],
      "includes" : []
    },
    {
      "name" : "sap/ui/unified/ShellHeader.js",
      "description" : "! SAP UI development toolkit for HTML5 (SAPUI5/OpenUI5) (c) Copyright 2009-2015 SAP SE or an SAP affiliate company. Licensed under the Apache License, Version 2.0 - see LICENSE.txt.",
      "size" : 7171,
      "compressedSize" : 5148,
      "required" : ["jquery.sap.global.js", "sap/ui/unified/library.js"],
      "includes" : []
    },
    {
      "name" : "sap/ui/unified/ShellLayout.js",
      "description" : "Provides control sap.ui.unified.ShellLayout.",
      "size" : 18678,
      "compressedSize" : 11449,
      "required" : ["jquery.sap.global.js", "sap/ui/Device.js", "sap/ui/core/Control.js", "sap/ui/core/Popup.js", "sap/ui/core/theming/Parameters.js", "sap/ui/unified/SplitContainer.js", "sap/ui/unified/library.js", "jquery.sap.dom.js", "jquery.sap.script.js"],
      "includes" : []
    },
    {
      "name" : "sap/ui/unified/ShellLayoutRenderer.js",
      "description" : "Provides default renderer for control sap.ui.unified.ShellLayout",
      "size" : 2634,
      "compressedSize" : 1773,
      "required" : ["jquery.sap.global.js"],
      "includes" : []
    },
    {
      "name" : "sap/ui/unified/ShellOverlay.js",
      "description" : "Provides control sap.ui.unified.ShellOverlay.",
      "size" : 10409,
      "compressedSize" : 6333,
      "required" : ["jquery.sap.global.js", "sap/ui/Device.js", "sap/ui/core/Control.js", "sap/ui/core/Popup.js", "sap/ui/unified/Shell.js", "sap/ui/unified/library.js", "jquery.sap.script.js"],
      "includes" : []
    },
    {
      "name" : "sap/ui/unified/ShellOverlayRenderer.js",
      "description" : "Provides default renderer for control sap.ui.unified.ShellOverlay",
      "size" : 2991,
      "compressedSize" : 1848,
      "required" : ["jquery.sap.global.js"],
      "includes" : []
    },
    {
      "name" : "sap/ui/unified/ShellRenderer.js",
      "description" : "Provides default renderer for control sap.ui.unified.Shell",
      "size" : 592,
      "compressedSize" : 344,
      "required" : ["jquery.sap.global.js", "sap/ui/core/Renderer.js", "sap/ui/unified/ShellLayoutRenderer.js"],
      "includes" : []
    },
    {
      "name" : "sap/ui/unified/SplitContainer.js",
      "description" : "Provides control sap.ui.unified.SplitContainer.",
      "size" : 11676,
      "compressedSize" : 5110,
      "required" : ["jquery.sap.global.js", "sap/ui/core/Control.js", "sap/ui/core/theming/Parameters.js", "sap/ui/unified/library.js"],
      "includes" : []
    },
    {
      "name" : "sap/ui/unified/SplitContainerRenderer.js",
      "description" : "Provides default renderer for control sap.ui.unified.SplitContainer",
      "size" : 2546,
      "compressedSize" : 1458,
      "required" : ["jquery.sap.global.js"],
      "includes" : []
    },
    {
      "name" : "sap/ui/unified/library.js",
      "description" : "Initialization Code and shared classes of library sap.ui.unified.",
      "size" : 6699,
      "compressedSize" : 2763,
      "required" : ["jquery.sap.global.js", "sap/ui/core/library.js"],
      "includes" : []
    },
    {
      "name" : "sap/ui/unified/messagebundle.properties",
      "size" : 1257,
      "required" : [],
      "includes" : []
    },
    {
      "name" : "sap/ui/unified/messagebundle_ar.properties",
      "size" : 2248,
      "required" : [],
      "includes" : []
    },
    {
      "name" : "sap/ui/unified/messagebundle_bg.properties",
      "size" : 2233,
      "required" : [],
      "includes" : []
    },
    {
      "name" : "sap/ui/unified/messagebundle_ca.properties",
      "size" : 1265,
      "required" : [],
      "includes" : []
    },
    {
      "name" : "sap/ui/unified/messagebundle_cs.properties",
      "size" : 1256,
      "required" : [],
      "includes" : []
    },
    {
      "name" : "sap/ui/unified/messagebundle_da.properties",
      "size" : 1199,
      "required" : [],
      "includes" : []
    },
    {
      "name" : "sap/ui/unified/messagebundle_de.properties",
      "size" : 1255,
      "required" : [],
      "includes" : []
    },
    {
      "name" : "sap/ui/unified/messagebundle_el.properties",
      "size" : 2344,
      "required" : [],
      "includes" : []
    },
    {
      "name" : "sap/ui/unified/messagebundle_en.properties",
      "size" : 1134,
      "required" : [],
      "includes" : []
    },
    {
      "name" : "sap/ui/unified/messagebundle_en_US_sappsd.properties",
      "size" : 2371,
      "required" : [],
      "includes" : []
    },
    {
      "name" : "sap/ui/unified/messagebundle_en_US_saptrc.properties",
      "size" : 1410,
      "required" : [],
      "includes" : []
    },
    {
      "name" : "sap/ui/unified/messagebundle_es.properties",
      "size" : 1263,
      "required" : [],
      "includes" : []
    },
    {
      "name" : "sap/ui/unified/messagebundle_et.properties",
      "size" : 1314,
      "required" : [],
      "includes" : []
    },
    {
      "name" : "sap/ui/unified/messagebundle_fi.properties",
      "size" : 1358,
      "required" : [],
      "includes" : []
    },
    {
      "name" : "sap/ui/unified/messagebundle_fr.properties",
      "size" : 1262,
      "required" : [],
      "includes" : []
    },
    {
      "name" : "sap/ui/unified/messagebundle_hi.properties",
      "size" : 2116,
      "required" : [],
      "includes" : []
    },
    {
      "name" : "sap/ui/unified/messagebundle_hr.properties",
      "size" : 1183,
      "required" : [],
      "includes" : []
    },
    {
      "name" : "sap/ui/unified/messagebundle_hu.properties",
      "size" : 1478,
      "required" : [],
      "includes" : []
    },
    {
      "name" : "sap/ui/unified/messagebundle_it.properties",
      "size" : 1236,
      "required" : [],
      "includes" : []
    },
    {
      "name" : "sap/ui/unified/messagebundle_iw.properties",
      "size" : 1859,
      "required" : [],
      "includes" : []
    },
    {
      "name" : "sap/ui/unified/messagebundle_ja.properties",
      "size" : 1675,
      "required" : [],
      "includes" : []
    },
    {
      "name" : "sap/ui/unified/messagebundle_ko.properties",
      "size" : 1458,
      "required" : [],
      "includes" : []
    },
    {
      "name" : "sap/ui/unified/messagebundle_lt.properties",
      "size" : 1299,
      "required" : [],
      "includes" : []
    },
    {
      "name" : "sap/ui/unified/messagebundle_lv.properties",
      "size" : 1337,
      "required" : [],
      "includes" : []
    },
    {
      "name" : "sap/ui/unified/messagebundle_nl.properties",
      "size" : 1213,
      "required" : [],
      "includes" : []
    },
    {
      "name" : "sap/ui/unified/messagebundle_no.properties",
      "size" : 1185,
      "required" : [],
      "includes" : []
    },
    {
      "name" : "sap/ui/unified/messagebundle_pl.properties",
      "size" : 1366,
      "required" : [],
      "includes" : []
    },
    {
      "name" : "sap/ui/unified/messagebundle_pt.properties",
      "size" : 1192,
      "required" : [],
      "includes" : []
    },
    {
      "name" : "sap/ui/unified/messagebundle_ro.properties",
      "size" : 1230,
      "required" : [],
      "includes" : []
    },
    {
      "name" : "sap/ui/unified/messagebundle_ru.properties",
      "size" : 2305,
      "required" : [],
      "includes" : []
    },
    {
      "name" : "sap/ui/unified/messagebundle_sh.properties",
      "size" : 1175,
      "required" : [],
      "includes" : []
    },
    {
      "name" : "sap/ui/unified/messagebundle_sk.properties",
      "size" : 1432,
      "required" : [],
      "includes" : []
    },
    {
      "name" : "sap/ui/unified/messagebundle_sl.properties",
      "size" : 1197,
      "required" : [],
      "includes" : []
    },
    {
      "name" : "sap/ui/unified/messagebundle_sv.properties",
      "size" : 1275,
      "required" : [],
      "includes" : []
    },
    {
      "name" : "sap/ui/unified/messagebundle_th.properties",
      "size" : 2268,
      "required" : [],
      "includes" : []
    },
    {
      "name" : "sap/ui/unified/messagebundle_tr.properties",
      "size" : 1320,
      "required" : [],
      "includes" : []
    },
    {
      "name" : "sap/ui/unified/messagebundle_uk.properties",
      "size" : 2326,
      "required" : [],
      "includes" : []
    },
    {
      "name" : "sap/ui/unified/messagebundle_vi.properties",
      "size" : 1609,
      "required" : [],
      "includes" : []
    },
    {
      "name" : "sap/ui/unified/messagebundle_zh_CN.properties",
      "size" : 1342,
      "required" : [],
      "includes" : []
    },
    {
      "name" : "sap/ui/unified/messagebundle_zh_TW.properties",
      "size" : 1374,
      "required" : [],
      "includes" : []
    }
  ]
}
