<?xml version="1.0" encoding="UTF-8" ?>
<Library name="sap.ui.unified" xmlns="http://www.sap.com/ui5/ide/templates/xmlview">
<Template name="sap.ui.unified.Calendar" alias="Calendar">
	<jsTemplate><![CDATA[new sap.ui.unified.Calendar({
	busy: false, // boolean
	busyIndicatorDelay: 1000, // int
	visible: true, // boolean
	intervalSelection: false, // boolean
	singleSelection: true, // boolean
	tooltip: undefined, // sap.ui.core.TooltipBase
	customData: [], // sap.ui.core.CustomData
	dependents: [], // sap.ui.core.Control, since 1.19
	selectedDates: [], // sap.ui.unified.DateRange
	specialDates: [], // sap.ui.unified.DateTypeRange, since 1.24.0
	select: [function (oEvent) {
		var ${control} = oEvent.getSource();
	}, this],
	cancel: [function (oEvent) {
		var ${control} = oEvent.getSource();
	}, this]
})
]]></jsTemplate>
	<xmlTemplate><![CDATA[<Calendar xmlns="sap.ui.unified"
	busy="false"
	busyIndicatorDelay="1000"
	visible="true"
	intervalSelection="false"
	singleSelection="true"
	select=""
	cancel="">
		<tooltip></tooltip> <!-- sap.ui.core.TooltipBase -->
		<dependents></dependents> <!-- sap.ui.core.Control, since 1.19 -->
		<selectedDates></selectedDates> <!-- sap.ui.unified.DateRange -->
		<specialDates></specialDates> <!-- sap.ui.unified.DateTypeRange, since 1.24.0 -->
</Calendar>
]]></xmlTemplate>
</Template>
<Template name="sap.ui.unified.CalendarLegend" alias="CalendarLegend,Legend">
	<jsTemplate><![CDATA[new sap.ui.unified.CalendarLegend({
	busy: false, // boolean
	busyIndicatorDelay: 1000, // int
	visible: true, // boolean
	columnWidth: "120px", // sap.ui.core.CSSSize
	tooltip: undefined, // sap.ui.core.TooltipBase
	customData: [], // sap.ui.core.CustomData
	dependents: [], // sap.ui.core.Control, since 1.19
	items: [] // sap.ui.unified.CalendarLegendItem
})
]]></jsTemplate>
	<xmlTemplate><![CDATA[<CalendarLegend xmlns="sap.ui.unified"
	busy="false"
	busyIndicatorDelay="1000"
	visible="true"
	columnWidth="120px">
		<tooltip></tooltip> <!-- sap.ui.core.TooltipBase -->
		<dependents></dependents> <!-- sap.ui.core.Control, since 1.19 -->
		<items></items> <!-- sap.ui.unified.CalendarLegendItem -->
</CalendarLegend>
]]></xmlTemplate>
</Template>
<Template name="sap.ui.unified.CalendarLegendItem" alias="CalendarLegendItem,Item">
	<jsTemplate><![CDATA[new sap.ui.unified.CalendarLegendItem({
	text: undefined, // string
	tooltip: undefined, // sap.ui.core.TooltipBase
	customData: [], // sap.ui.core.CustomData
	dependents: [] // sap.ui.core.Control, since 1.19
})
]]></jsTemplate>
	<xmlTemplate><![CDATA[<CalendarLegendItem xmlns="sap.ui.unified"
	text="">
		<tooltip></tooltip> <!-- sap.ui.core.TooltipBase -->
		<dependents></dependents> <!-- sap.ui.core.Control, since 1.19 -->
</CalendarLegendItem>
]]></xmlTemplate>
</Template>
<Template name="sap.ui.unified.ContentSwitcher" alias="ContentSwitcher,Switcher">
	<jsTemplate><![CDATA[new sap.ui.unified.ContentSwitcher({
	busy: false, // boolean
	busyIndicatorDelay: 1000, // int
	visible: true, // boolean
	animation: "None", // string
	activeContent: 1, // int
	tooltip: undefined, // sap.ui.core.TooltipBase
	customData: [], // sap.ui.core.CustomData
	dependents: [], // sap.ui.core.Control, since 1.19
	content1: [], // sap.ui.core.Control
	content2: [] // sap.ui.core.Control
})
]]></jsTemplate>
	<xmlTemplate><![CDATA[<ContentSwitcher xmlns="sap.ui.unified"
	busy="false"
	busyIndicatorDelay="1000"
	visible="true"
	animation="None"
	activeContent="1">
		<tooltip></tooltip> <!-- sap.ui.core.TooltipBase -->
		<dependents></dependents> <!-- sap.ui.core.Control, since 1.19 -->
		<content1></content1> <!-- sap.ui.core.Control -->
		<content2></content2> <!-- sap.ui.core.Control -->
</ContentSwitcher>
]]></xmlTemplate>
</Template>
<Template name="sap.ui.unified.Currency" alias="Currency">
	<jsTemplate><![CDATA[new sap.ui.unified.Currency({
	busy: false, // boolean
	busyIndicatorDelay: 1000, // int
	visible: true, // boolean
	value: 0, // float
	currency: undefined, // string
	maxPrecision: 3, // int
	useSymbol: true, // boolean
	tooltip: undefined, // sap.ui.core.TooltipBase
	customData: [], // sap.ui.core.CustomData
	dependents: [] // sap.ui.core.Control, since 1.19
})
]]></jsTemplate>
	<xmlTemplate><![CDATA[<Currency xmlns="sap.ui.unified"
	busy="false"
	busyIndicatorDelay="1000"
	visible="true"
	value="0"
	currency=""
	maxPrecision="3"
	useSymbol="true">
		<tooltip></tooltip> <!-- sap.ui.core.TooltipBase -->
		<dependents></dependents> <!-- sap.ui.core.Control, since 1.19 -->
</Currency>
]]></xmlTemplate>
</Template>
<Template name="sap.ui.unified.DateRange" alias="DateRange,Range">
	<jsTemplate><![CDATA[new sap.ui.unified.DateRange({
	startDate: undefined, // object
	endDate: undefined, // object
	tooltip: undefined, // sap.ui.core.TooltipBase
	customData: [], // sap.ui.core.CustomData
	dependents: [] // sap.ui.core.Control, since 1.19
})
]]></jsTemplate>
	<xmlTemplate><![CDATA[<DateRange xmlns="sap.ui.unified"
	startDate=""
	endDate="">
		<tooltip></tooltip> <!-- sap.ui.core.TooltipBase -->
		<dependents></dependents> <!-- sap.ui.core.Control, since 1.19 -->
</DateRange>
]]></xmlTemplate>
</Template>
<Template name="sap.ui.unified.DateTypeRange" alias="DateTypeRange,Range">
	<jsTemplate><![CDATA[new sap.ui.unified.DateTypeRange({
	startDate: undefined, // object
	endDate: undefined, // object
	type: undefined, // sap.ui.unified.CalendarDayType
	tooltip: undefined, // sap.ui.core.TooltipBase
	customData: [], // sap.ui.core.CustomData
	dependents: [] // sap.ui.core.Control, since 1.19
})
]]></jsTemplate>
	<xmlTemplate><![CDATA[<DateTypeRange xmlns="sap.ui.unified"
	startDate=""
	endDate=""
	type="">
		<tooltip></tooltip> <!-- sap.ui.core.TooltipBase -->
		<dependents></dependents> <!-- sap.ui.core.Control, since 1.19 -->
</DateTypeRange>
]]></xmlTemplate>
</Template>
<Template name="sap.ui.unified.FileUploader" alias="FileUploader,Uploader">
	<jsTemplate><![CDATA[new sap.ui.unified.FileUploader({
	busy: false, // boolean
	busyIndicatorDelay: 1000, // int
	visible: true, // boolean
	value: "", // string
	enabled: true, // boolean
	uploadUrl: "", // sap.ui.core.URI
	name: undefined, // string
	width: "", // sap.ui.core.CSSSize
	uploadOnChange: false, // boolean
	additionalData: undefined, // string
	sameFilenameAllowed: false, // boolean
	buttonText: undefined, // string
	fileType: undefined, // string[]
	multiple: false, // boolean
	maximumFileSize: undefined, // float
	mimeType: undefined, // string[]
	sendXHR: false, // boolean
	placeholder: undefined, // string
	style: undefined, // string
	buttonOnly: false, // boolean
	useMultipart: true, // boolean
	maximumFilenameLength: undefined, // int, since 1.24.0
	valueState: sap.ui.core.ValueState.None, // sap.ui.core.ValueState, since 1.24.0
	icon: "", // sap.ui.core.URI, since 1.26.0
	iconHovered: "", // sap.ui.core.URI, since 1.26.0
	iconSelected: "", // sap.ui.core.URI, since 1.26.0
	iconFirst: true, // boolean, since 1.26.0
	iconOnly: false, // boolean, since 1.26.0
	tooltip: undefined, // sap.ui.core.TooltipBase
	customData: [], // sap.ui.core.CustomData
	dependents: [], // sap.ui.core.Control, since 1.19
	parameters: [], // sap.ui.unified.FileUploaderParameter, since 1.12.2
	headerParameters: [], // sap.ui.unified.FileUploaderParameter
	change: [function (oEvent) {
		var ${control} = oEvent.getSource();
	}, this],
	uploadComplete: [function (oEvent) {
		var ${control} = oEvent.getSource();
	}, this],
	typeMissmatch: [function (oEvent) {
		var ${control} = oEvent.getSource();
	}, this],
	fileSizeExceed: [function (oEvent) {
		var ${control} = oEvent.getSource();
	}, this],
	fileAllowed: [function (oEvent) {
		var ${control} = oEvent.getSource();
	}, this],
	uploadProgress: [function (oEvent) {
		var ${control} = oEvent.getSource();
	}, this], // since 1.24.0
	uploadAborted: [function (oEvent) {
		var ${control} = oEvent.getSource();
	}, this], // since 1.24.0
	filenameLengthExceed: [function (oEvent) {
		var ${control} = oEvent.getSource();
	}, this] // since 1.24.0
})
]]></jsTemplate>
	<xmlTemplate><![CDATA[<FileUploader xmlns="sap.ui.unified"
	busy="false"
	busyIndicatorDelay="1000"
	visible="true"
	value=""
	enabled="true"
	uploadUrl=""
	name=""
	width=""
	uploadOnChange="false"
	additionalData=""
	sameFilenameAllowed="false"
	buttonText=""
	fileType=""
	multiple="false"
	maximumFileSize=""
	mimeType=""
	sendXHR="false"
	placeholder=""
	style=""
	buttonOnly="false"
	useMultipart="true"
	maximumFilenameLength=""
	valueState="None"
	icon=""
	iconHovered=""
	iconSelected=""
	iconFirst="true"
	iconOnly="false"
	change=""
	uploadComplete=""
	typeMissmatch=""
	fileSizeExceed=""
	fileAllowed=""
	uploadProgress=""
	uploadAborted=""
	filenameLengthExceed="">
		<tooltip></tooltip> <!-- sap.ui.core.TooltipBase -->
		<dependents></dependents> <!-- sap.ui.core.Control, since 1.19 -->
		<parameters></parameters> <!-- sap.ui.unified.FileUploaderParameter, since 1.12.2 -->
		<headerParameters></headerParameters> <!-- sap.ui.unified.FileUploaderParameter -->
</FileUploader>
]]></xmlTemplate>
</Template>
<Template name="sap.ui.unified.FileUploaderParameter" alias="FileUploaderParameter,Parameter">
	<jsTemplate><![CDATA[new sap.ui.unified.FileUploaderParameter({
	name: undefined, // string, since 1.12.2
	value: undefined, // string, since 1.12.2
	tooltip: undefined, // sap.ui.core.TooltipBase
	customData: [], // sap.ui.core.CustomData
	dependents: [] // sap.ui.core.Control, since 1.19
})
]]></jsTemplate>
	<xmlTemplate><![CDATA[<FileUploaderParameter xmlns="sap.ui.unified"
	name=""
	value="">
		<tooltip></tooltip> <!-- sap.ui.core.TooltipBase -->
		<dependents></dependents> <!-- sap.ui.core.Control, since 1.19 -->
</FileUploaderParameter>
]]></xmlTemplate>
</Template>
<Template name="sap.ui.unified.Menu" alias="Menu">
	<jsTemplate><![CDATA[new sap.ui.unified.Menu({
	busy: false, // boolean
	busyIndicatorDelay: 1000, // int
	visible: true, // boolean
	enabled: true, // boolean
	ariaDescription: undefined, // string
	maxVisibleItems: 0, // int
	pageSize: 5, // int, since 1.25.0
	tooltip: undefined, // sap.ui.core.TooltipBase
	customData: [], // sap.ui.core.CustomData
	dependents: [], // sap.ui.core.Control, since 1.19
	items: [], // sap.ui.unified.MenuItemBase
	ariaLabelledBy: [], // sap.ui.core.Control, since 1.26.3
	itemSelect: [function (oEvent) {
		var ${control} = oEvent.getSource();
	}, this]
})
]]></jsTemplate>
	<xmlTemplate><![CDATA[<Menu xmlns="sap.ui.unified"
	busy="false"
	busyIndicatorDelay="1000"
	visible="true"
	enabled="true"
	ariaDescription=""
	maxVisibleItems="0"
	pageSize="5"
	ariaLabelledBy=""
	itemSelect="">
		<tooltip></tooltip> <!-- sap.ui.core.TooltipBase -->
		<dependents></dependents> <!-- sap.ui.core.Control, since 1.19 -->
		<items></items> <!-- sap.ui.unified.MenuItemBase -->
</Menu>
]]></xmlTemplate>
</Template>
<Template name="sap.ui.unified.MenuItem" alias="MenuItem,Item">
	<jsTemplate><![CDATA[new sap.ui.unified.MenuItem({
	enabled: true, // boolean
	visible: true, // boolean
	startsSection: false, // boolean
	text: "", // string
	icon: "", // sap.ui.core.URI
	tooltip: undefined, // sap.ui.core.TooltipBase
	customData: [], // sap.ui.core.CustomData
	dependents: [], // sap.ui.core.Control, since 1.19
	submenu: undefined, // sap.ui.unified.Menu
	select: [function (oEvent) {
		var ${control} = oEvent.getSource();
	}, this]
})
]]></jsTemplate>
	<xmlTemplate><![CDATA[<MenuItem xmlns="sap.ui.unified"
	enabled="true"
	visible="true"
	startsSection="false"
	text=""
	icon=""
	select="">
		<tooltip></tooltip> <!-- sap.ui.core.TooltipBase -->
		<dependents></dependents> <!-- sap.ui.core.Control, since 1.19 -->
		<submenu></submenu> <!-- sap.ui.unified.Menu -->
</MenuItem>
]]></xmlTemplate>
</Template>
<Template name="sap.ui.unified.MenuItemBase" alias="MenuItemBase,Base">
	<jsTemplate><![CDATA[new sap.ui.unified.MenuItemBase({
	enabled: true, // boolean
	visible: true, // boolean
	startsSection: false, // boolean
	tooltip: undefined, // sap.ui.core.TooltipBase
	customData: [], // sap.ui.core.CustomData
	dependents: [], // sap.ui.core.Control, since 1.19
	submenu: undefined, // sap.ui.unified.Menu
	select: [function (oEvent) {
		var ${control} = oEvent.getSource();
	}, this]
})
]]></jsTemplate>
	<xmlTemplate><![CDATA[<MenuItemBase xmlns="sap.ui.unified"
	enabled="true"
	visible="true"
	startsSection="false"
	select="">
		<tooltip></tooltip> <!-- sap.ui.core.TooltipBase -->
		<dependents></dependents> <!-- sap.ui.core.Control, since 1.19 -->
		<submenu></submenu> <!-- sap.ui.unified.Menu -->
</MenuItemBase>
]]></xmlTemplate>
</Template>
<Template name="sap.ui.unified.MenuTextFieldItem" alias="MenuTextFieldItem,Item">
	<jsTemplate><![CDATA[new sap.ui.unified.MenuTextFieldItem({
	enabled: true, // boolean
	visible: true, // boolean
	startsSection: false, // boolean
	label: undefined, // string
	icon: undefined, // sap.ui.core.URI
	value: undefined, // string
	valueState: sap.ui.core.ValueState.None, // sap.ui.core.ValueState
	tooltip: undefined, // sap.ui.core.TooltipBase
	customData: [], // sap.ui.core.CustomData
	dependents: [], // sap.ui.core.Control, since 1.19
	submenu: undefined, // sap.ui.unified.Menu
	select: [function (oEvent) {
		var ${control} = oEvent.getSource();
	}, this]
})
]]></jsTemplate>
	<xmlTemplate><![CDATA[<MenuTextFieldItem xmlns="sap.ui.unified"
	enabled="true"
	visible="true"
	startsSection="false"
	label=""
	icon=""
	value=""
	valueState="None"
	select="">
		<tooltip></tooltip> <!-- sap.ui.core.TooltipBase -->
		<dependents></dependents> <!-- sap.ui.core.Control, since 1.19 -->
		<submenu></submenu> <!-- sap.ui.unified.Menu -->
</MenuTextFieldItem>
]]></xmlTemplate>
</Template>
<Template name="sap.ui.unified.Shell" alias="Shell">
	<jsTemplate><![CDATA[new sap.ui.unified.Shell({
	busy: false, // boolean
	busyIndicatorDelay: 1000, // int
	visible: true, // boolean
	showPane: false, // boolean
	headerHiding: false, // boolean
	headerVisible: true, // boolean
	icon: undefined, // sap.ui.core.URI
	showCurtain: undefined, // boolean
	showCurtainPane: undefined, // boolean
	searchVisible: true, // boolean, since 1.18
	tooltip: undefined, // sap.ui.core.TooltipBase
	customData: [], // sap.ui.core.CustomData
	dependents: [], // sap.ui.core.Control, since 1.19
	content: [], // sap.ui.core.Control
	paneContent: [], // sap.ui.core.Control
	header: undefined, // sap.ui.core.Control
	curtainContent: [], // sap.ui.core.Control
	curtainPaneContent: [], // sap.ui.core.Control
	headItems: [], // sap.ui.unified.ShellHeadItem
	headEndItems: [], // sap.ui.unified.ShellHeadItem
	search: undefined, // sap.ui.core.Control
	user: undefined // sap.ui.unified.ShellHeadUserItem, since 1.22.0
})
]]></jsTemplate>
	<xmlTemplate><![CDATA[<Shell xmlns="sap.ui.unified"
	busy="false"
	busyIndicatorDelay="1000"
	visible="true"
	showPane="false"
	headerHiding="false"
	headerVisible="true"
	icon=""
	showCurtain=""
	showCurtainPane=""
	searchVisible="true">
		<tooltip></tooltip> <!-- sap.ui.core.TooltipBase -->
		<dependents></dependents> <!-- sap.ui.core.Control, since 1.19 -->
		<content></content> <!-- sap.ui.core.Control -->
		<paneContent></paneContent> <!-- sap.ui.core.Control -->
		<header></header> <!-- sap.ui.core.Control -->
		<curtainContent></curtainContent> <!-- sap.ui.core.Control -->
		<curtainPaneContent></curtainPaneContent> <!-- sap.ui.core.Control -->
		<headItems></headItems> <!-- sap.ui.unified.ShellHeadItem -->
		<headEndItems></headEndItems> <!-- sap.ui.unified.ShellHeadItem -->
		<search></search> <!-- sap.ui.core.Control -->
		<user></user> <!-- sap.ui.unified.ShellHeadUserItem, since 1.22.0 -->
</Shell>
]]></xmlTemplate>
</Template>
<Template name="sap.ui.unified.ShellHeadItem" alias="ShellHeadItem,Item">
	<jsTemplate><![CDATA[new sap.ui.unified.ShellHeadItem({
	startsSection: false, // boolean
	showSeparator: true, // boolean, since 1.22.5
	selected: false, // boolean
	showMarker: false, // boolean
	icon: undefined, // sap.ui.core.URI
	visible: true, // boolean, since 1.18
	tooltip: undefined, // sap.ui.core.TooltipBase
	customData: [], // sap.ui.core.CustomData
	dependents: [], // sap.ui.core.Control, since 1.19
	press: [function (oEvent) {
		var ${control} = oEvent.getSource();
	}, this]
})
]]></jsTemplate>
	<xmlTemplate><![CDATA[<ShellHeadItem xmlns="sap.ui.unified"
	startsSection="false"
	showSeparator="true"
	selected="false"
	showMarker="false"
	icon=""
	visible="true"
	press="">
		<tooltip></tooltip> <!-- sap.ui.core.TooltipBase -->
		<dependents></dependents> <!-- sap.ui.core.Control, since 1.19 -->
</ShellHeadItem>
]]></xmlTemplate>
</Template>
<Template name="sap.ui.unified.ShellHeadUserItem" alias="ShellHeadUserItem,Item">
	<jsTemplate><![CDATA[new sap.ui.unified.ShellHeadUserItem({
	username: "", // string
	image: undefined, // sap.ui.core.URI
	tooltip: undefined, // sap.ui.core.TooltipBase
	customData: [], // sap.ui.core.CustomData
	dependents: [], // sap.ui.core.Control, since 1.19
	press: [function (oEvent) {
		var ${control} = oEvent.getSource();
	}, this]
})
]]></jsTemplate>
	<xmlTemplate><![CDATA[<ShellHeadUserItem xmlns="sap.ui.unified"
	username=""
	image=""
	press="">
		<tooltip></tooltip> <!-- sap.ui.core.TooltipBase -->
		<dependents></dependents> <!-- sap.ui.core.Control, since 1.19 -->
</ShellHeadUserItem>
]]></xmlTemplate>
</Template>
<Template name="sap.ui.unified.ShellLayout" alias="ShellLayout,Layout">
	<jsTemplate><![CDATA[new sap.ui.unified.ShellLayout({
	busy: false, // boolean
	busyIndicatorDelay: 1000, // int
	visible: true, // boolean
	showPane: false, // boolean
	headerHiding: false, // boolean
	headerVisible: true, // boolean
	tooltip: undefined, // sap.ui.core.TooltipBase
	customData: [], // sap.ui.core.CustomData
	dependents: [], // sap.ui.core.Control, since 1.19
	content: [], // sap.ui.core.Control
	paneContent: [], // sap.ui.core.Control
	header: undefined // sap.ui.core.Control
})
]]></jsTemplate>
	<xmlTemplate><![CDATA[<ShellLayout xmlns="sap.ui.unified"
	busy="false"
	busyIndicatorDelay="1000"
	visible="true"
	showPane="false"
	headerHiding="false"
	headerVisible="true">
		<tooltip></tooltip> <!-- sap.ui.core.TooltipBase -->
		<dependents></dependents> <!-- sap.ui.core.Control, since 1.19 -->
		<content></content> <!-- sap.ui.core.Control -->
		<paneContent></paneContent> <!-- sap.ui.core.Control -->
		<header></header> <!-- sap.ui.core.Control -->
</ShellLayout>
]]></xmlTemplate>
</Template>
<Template name="sap.ui.unified.ShellOverlay" alias="ShellOverlay,Overlay">
	<jsTemplate><![CDATA[new sap.ui.unified.ShellOverlay({
	busy: false, // boolean
	busyIndicatorDelay: 1000, // int
	visible: true, // boolean
	tooltip: undefined, // sap.ui.core.TooltipBase
	customData: [], // sap.ui.core.CustomData
	dependents: [], // sap.ui.core.Control, since 1.19
	content: [], // sap.ui.core.Control
	search: undefined, // sap.ui.core.Control
	shell: undefined, // sap.ui.unified.ShellLayout
	closed: [function (oEvent) {
		var ${control} = oEvent.getSource();
	}, this]
})
]]></jsTemplate>
	<xmlTemplate><![CDATA[<ShellOverlay xmlns="sap.ui.unified"
	busy="false"
	busyIndicatorDelay="1000"
	visible="true"
	shell=""
	closed="">
		<tooltip></tooltip> <!-- sap.ui.core.TooltipBase -->
		<dependents></dependents> <!-- sap.ui.core.Control, since 1.19 -->
		<content></content> <!-- sap.ui.core.Control -->
		<search></search> <!-- sap.ui.core.Control -->
</ShellOverlay>
]]></xmlTemplate>
</Template>
<Template name="sap.ui.unified.SplitContainer" alias="SplitContainer,Container">
	<jsTemplate><![CDATA[new sap.ui.unified.SplitContainer({
	busy: false, // boolean
	busyIndicatorDelay: 1000, // int
	visible: true, // boolean
	showSecondaryContent: undefined, // boolean
	secondaryContentSize: "250px", // sap.ui.core.CSSSize
	secondaryContentWidth: "250px", // sap.ui.core.CSSSize
	orientation: sap.ui.core.Orientation.Horizontal, // sap.ui.core.Orientation, since 1.22.0
	tooltip: undefined, // sap.ui.core.TooltipBase
	customData: [], // sap.ui.core.CustomData
	dependents: [], // sap.ui.core.Control, since 1.19
	content: [], // sap.ui.core.Control
	secondaryContent: [] // sap.ui.core.Control
})
]]></jsTemplate>
	<xmlTemplate><![CDATA[<SplitContainer xmlns="sap.ui.unified"
	busy="false"
	busyIndicatorDelay="1000"
	visible="true"
	showSecondaryContent=""
	secondaryContentSize="250px"
	secondaryContentWidth="250px"
	orientation="Horizontal">
		<tooltip></tooltip> <!-- sap.ui.core.TooltipBase -->
		<dependents></dependents> <!-- sap.ui.core.Control, since 1.19 -->
		<content></content> <!-- sap.ui.core.Control -->
		<secondaryContent></secondaryContent> <!-- sap.ui.core.Control -->
</SplitContainer>
]]></xmlTemplate>
</Template>
</Library>
