<?xml version="1.0" ?>
<library  version="2.0" name="sap.ui.unified">
  <module name="sap/ui/unified/Calendar.js" size="47824" compressedSize="22494">
    <description>Provides control sap.ui.unified.Calendar.</description>
    <requires>
      <module name="jquery.sap.global.js"/>
      <module name="sap/ui/core/Control.js"/>
      <module name="sap/ui/core/LocaleData.js"/>
      <module name="sap/ui/core/delegate/ItemNavigation.js"/>
      <module name="sap/ui/model/type/Date.js"/>
      <module name="sap/ui/unified/library.js"/>
    </requires>
  </module>
  <module name="sap/ui/unified/CalendarLegend.js" size="1938" compressedSize="797">
    <description>Provides control sap.ui.unified.CalendarLegend.</description>
    <requires>
      <module name="jquery.sap.global.js"/>
      <module name="sap/ui/core/Control.js"/>
      <module name="sap/ui/unified/library.js"/>
    </requires>
  </module>
  <module name="sap/ui/unified/CalendarLegendItem.js" size="1472" compressedSize="468">
    <description>Provides control sap.ui.unified.CalendarLegendItem.</description>
    <requires>
      <module name="jquery.sap.global.js"/>
      <module name="sap/ui/core/Element.js"/>
      <module name="sap/ui/unified/library.js"/>
    </requires>
  </module>
  <module name="sap/ui/unified/CalendarLegendRenderer.js" size="3111" compressedSize="1520">
    <description>SAP UI development toolkit for HTML5 (SAPUI5/OpenUI5) (c) Copyright 2009-2015 SAP SE or an SAP affiliate company. Licensed under the Apache License, Version 2.0 - see LICENSE.txt.</description>
    <requires>
      <module name="jquery.sap.global.js"/>
    </requires>
  </module>
  <module name="sap/ui/unified/CalendarRenderer.js" size="10929" compressedSize="5792">
    <description>! SAP UI development toolkit for HTML5 (SAPUI5/OpenUI5) (c) Copyright 2009-2015 SAP SE or an SAP affiliate company. Licensed under the Apache License, Version 2.0 - see LICENSE.txt.</description>
    <requires>
      <module name="jquery.sap.global.js"/>
    </requires>
  </module>
  <module name="sap/ui/unified/ContentSwitcher.js" size="5951" compressedSize="2022">
    <description>Provides control sap.ui.unified.ContentSwitcher.</description>
    <requires>
      <module name="jquery.sap.global.js"/>
      <module name="sap/ui/core/Control.js"/>
      <module name="sap/ui/unified/library.js"/>
    </requires>
  </module>
  <module name="sap/ui/unified/ContentSwitcherRenderer.js" size="2004" compressedSize="1130">
    <description>! SAP UI development toolkit for HTML5 (SAPUI5/OpenUI5) (c) Copyright 2009-2015 SAP SE or an SAP affiliate company. Licensed under the Apache License, Version 2.0 - see LICENSE.txt.</description>
    <requires>
      <module name="jquery.sap.global.js"/>
    </requires>
  </module>
  <module name="sap/ui/unified/Currency.js" size="4234" compressedSize="1672">
    <description>Provides control sap.ui.unified.Currency.</description>
    <requires>
      <module name="jquery.sap.global.js"/>
      <module name="sap/ui/core/Control.js"/>
      <module name="sap/ui/core/LocaleData.js"/>
      <module name="sap/ui/core/format/NumberFormat.js"/>
      <module name="sap/ui/unified/library.js"/>
    </requires>
  </module>
  <module name="sap/ui/unified/CurrencyRenderer.js" size="1741" compressedSize="921">
    <description>Provides default renderer for control sap.ui.unified.Menu</description>
    <requires>
      <module name="jquery.sap.global.js"/>
    </requires>
  </module>
  <module name="sap/ui/unified/DateRange.js" size="2376" compressedSize="1111">
    <description>Provides control sap.ui.unified.DateRange.</description>
    <requires>
      <module name="jquery.sap.global.js"/>
      <module name="sap/ui/core/Element.js"/>
      <module name="sap/ui/unified/library.js"/>
    </requires>
  </module>
  <module name="sap/ui/unified/DateTypeRange.js" size="1524" compressedSize="485">
    <description>Provides control sap.ui.unified.DateTypeRange.</description>
    <requires>
      <module name="jquery.sap.global.js"/>
      <module name="sap/ui/unified/DateRange.js"/>
      <module name="sap/ui/unified/library.js"/>
    </requires>
  </module>
  <module name="sap/ui/unified/FileUploader.js" size="43033" compressedSize="17026">
    <description>Provides control sap.ui.unified.FileUploader.</description>
    <requires>
      <module name="jquery.sap.global.js"/>
      <module name="sap/ui/core/Control.js"/>
      <module name="sap/ui/unified/library.js"/>
    </requires>
  </module>
  <module name="sap/ui/unified/FileUploaderParameter.js" size="1545" compressedSize="524">
    <description>Provides control sap.ui.unified.FileUploaderParameter.</description>
    <requires>
      <module name="jquery.sap.global.js"/>
      <module name="sap/ui/core/Element.js"/>
      <module name="sap/ui/unified/library.js"/>
    </requires>
  </module>
  <module name="sap/ui/unified/FileUploaderRenderer.js" size="2962" compressedSize="1748">
    <description>Provides default renderer for control sap.ui.unified.FileUploader</description>
    <requires>
      <module name="jquery.sap.global.js"/>
    </requires>
  </module>
  <module name="sap/ui/unified/Menu.js" size="35074" compressedSize="16138">
    <description>Provides control sap.ui.unified.Menu.</description>
    <requires>
      <module name="jquery.sap.global.js"/>
      <module name="sap/ui/core/Control.js"/>
      <module name="sap/ui/core/Popup.js"/>
      <module name="sap/ui/unified/MenuItemBase.js"/>
      <module name="sap/ui/unified/library.js"/>
      <module name="jquery.sap.script.js"/>
    </requires>
  </module>
  <module name="sap/ui/unified/MenuItem.js" size="3609" compressedSize="1919">
    <description>Provides control sap.ui.unified.MenuItem.</description>
    <requires>
      <module name="jquery.sap.global.js"/>
      <module name="sap/ui/core/IconPool.js"/>
      <module name="sap/ui/unified/MenuItemBase.js"/>
      <module name="sap/ui/unified/library.js"/>
    </requires>
  </module>
  <module name="sap/ui/unified/MenuItemBase.js" size="3961" compressedSize="1585">
    <description>Provides control sap.ui.unified.MenuItemBase.</description>
    <requires>
      <module name="jquery.sap.global.js"/>
      <module name="sap/ui/core/Element.js"/>
      <module name="sap/ui/unified/library.js"/>
    </requires>
  </module>
  <module name="sap/ui/unified/MenuRenderer.js" size="3601" compressedSize="2006">
    <description>Provides default renderer for control sap.ui.unified.Menu</description>
    <requires>
      <module name="jquery.sap.global.js"/>
    </requires>
  </module>
  <module name="sap/ui/unified/MenuTextFieldItem.js" size="9957" compressedSize="5051">
    <description>Provides control sap.ui.unified.MenuTextFieldItem.</description>
    <requires>
      <module name="jquery.sap.global.js"/>
      <module name="sap/ui/core/ValueStateSupport.js"/>
      <module name="sap/ui/unified/MenuItemBase.js"/>
      <module name="sap/ui/unified/library.js"/>
    </requires>
  </module>
  <module name="sap/ui/unified/Shell.js" size="7995" compressedSize="3684">
    <description>Provides control sap.ui.unified.Shell.</description>
    <requires>
      <module name="jquery.sap.global.js"/>
      <module name="sap/ui/unified/ShellHeader.js"/>
      <module name="sap/ui/unified/ShellLayout.js"/>
      <module name="sap/ui/unified/library.js"/>
    </requires>
  </module>
  <module name="sap/ui/unified/ShellHeadItem.js" size="4823" compressedSize="2174">
    <description>Provides control sap.ui.unified.ShellHeadItem.</description>
    <requires>
      <module name="jquery.sap.global.js"/>
      <module name="sap/ui/core/Element.js"/>
      <module name="sap/ui/core/IconPool.js"/>
      <module name="sap/ui/unified/library.js"/>
    </requires>
  </module>
  <module name="sap/ui/unified/ShellHeadUserItem.js" size="3695" compressedSize="1624">
    <description>Provides control sap.ui.unified.ShellHeadUserItem.</description>
    <requires>
      <module name="jquery.sap.global.js"/>
      <module name="sap/ui/core/Element.js"/>
      <module name="sap/ui/core/IconPool.js"/>
      <module name="sap/ui/unified/library.js"/>
    </requires>
  </module>
  <module name="sap/ui/unified/ShellHeader.js" size="7171" compressedSize="5148">
    <description>! SAP UI development toolkit for HTML5 (SAPUI5/OpenUI5) (c) Copyright 2009-2015 SAP SE or an SAP affiliate company. Licensed under the Apache License, Version 2.0 - see LICENSE.txt.</description>
    <requires>
      <module name="jquery.sap.global.js"/>
      <module name="sap/ui/unified/library.js"/>
    </requires>
  </module>
  <module name="sap/ui/unified/ShellLayout.js" size="18678" compressedSize="11449">
    <description>Provides control sap.ui.unified.ShellLayout.</description>
    <requires>
      <module name="jquery.sap.global.js"/>
      <module name="sap/ui/Device.js"/>
      <module name="sap/ui/core/Control.js"/>
      <module name="sap/ui/core/Popup.js"/>
      <module name="sap/ui/core/theming/Parameters.js"/>
      <module name="sap/ui/unified/SplitContainer.js"/>
      <module name="sap/ui/unified/library.js"/>
      <module name="jquery.sap.dom.js"/>
      <module name="jquery.sap.script.js"/>
    </requires>
  </module>
  <module name="sap/ui/unified/ShellLayoutRenderer.js" size="2634" compressedSize="1773">
    <description>Provides default renderer for control sap.ui.unified.ShellLayout</description>
    <requires>
      <module name="jquery.sap.global.js"/>
    </requires>
  </module>
  <module name="sap/ui/unified/ShellOverlay.js" size="10409" compressedSize="6333">
    <description>Provides control sap.ui.unified.ShellOverlay.</description>
    <requires>
      <module name="jquery.sap.global.js"/>
      <module name="sap/ui/Device.js"/>
      <module name="sap/ui/core/Control.js"/>
      <module name="sap/ui/core/Popup.js"/>
      <module name="sap/ui/unified/Shell.js"/>
      <module name="sap/ui/unified/library.js"/>
      <module name="jquery.sap.script.js"/>
    </requires>
  </module>
  <module name="sap/ui/unified/ShellOverlayRenderer.js" size="2991" compressedSize="1848">
    <description>Provides default renderer for control sap.ui.unified.ShellOverlay</description>
    <requires>
      <module name="jquery.sap.global.js"/>
    </requires>
  </module>
  <module name="sap/ui/unified/ShellRenderer.js" size="592" compressedSize="344">
    <description>Provides default renderer for control sap.ui.unified.Shell</description>
    <requires>
      <module name="jquery.sap.global.js"/>
      <module name="sap/ui/core/Renderer.js"/>
      <module name="sap/ui/unified/ShellLayoutRenderer.js"/>
    </requires>
  </module>
  <module name="sap/ui/unified/SplitContainer.js" size="11676" compressedSize="5110">
    <description>Provides control sap.ui.unified.SplitContainer.</description>
    <requires>
      <module name="jquery.sap.global.js"/>
      <module name="sap/ui/core/Control.js"/>
      <module name="sap/ui/core/theming/Parameters.js"/>
      <module name="sap/ui/unified/library.js"/>
    </requires>
  </module>
  <module name="sap/ui/unified/SplitContainerRenderer.js" size="2546" compressedSize="1458">
    <description>Provides default renderer for control sap.ui.unified.SplitContainer</description>
    <requires>
      <module name="jquery.sap.global.js"/>
    </requires>
  </module>
  <module name="sap/ui/unified/library.js" size="6699" compressedSize="2763">
    <description>Initialization Code and shared classes of library sap.ui.unified.</description>
    <requires>
      <module name="jquery.sap.global.js"/>
      <module name="sap/ui/core/library.js"/>
    </requires>
  </module>
  <module name="sap/ui/unified/messagebundle.properties" size="1257">
  </module>
  <module name="sap/ui/unified/messagebundle_ar.properties" size="2248">
  </module>
  <module name="sap/ui/unified/messagebundle_bg.properties" size="2233">
  </module>
  <module name="sap/ui/unified/messagebundle_ca.properties" size="1265">
  </module>
  <module name="sap/ui/unified/messagebundle_cs.properties" size="1256">
  </module>
  <module name="sap/ui/unified/messagebundle_da.properties" size="1199">
  </module>
  <module name="sap/ui/unified/messagebundle_de.properties" size="1255">
  </module>
  <module name="sap/ui/unified/messagebundle_el.properties" size="2344">
  </module>
  <module name="sap/ui/unified/messagebundle_en.properties" size="1134">
  </module>
  <module name="sap/ui/unified/messagebundle_en_US_sappsd.properties" size="2371">
  </module>
  <module name="sap/ui/unified/messagebundle_en_US_saptrc.properties" size="1410">
  </module>
  <module name="sap/ui/unified/messagebundle_es.properties" size="1263">
  </module>
  <module name="sap/ui/unified/messagebundle_et.properties" size="1314">
  </module>
  <module name="sap/ui/unified/messagebundle_fi.properties" size="1358">
  </module>
  <module name="sap/ui/unified/messagebundle_fr.properties" size="1262">
  </module>
  <module name="sap/ui/unified/messagebundle_hi.properties" size="2116">
  </module>
  <module name="sap/ui/unified/messagebundle_hr.properties" size="1183">
  </module>
  <module name="sap/ui/unified/messagebundle_hu.properties" size="1478">
  </module>
  <module name="sap/ui/unified/messagebundle_it.properties" size="1236">
  </module>
  <module name="sap/ui/unified/messagebundle_iw.properties" size="1859">
  </module>
  <module name="sap/ui/unified/messagebundle_ja.properties" size="1675">
  </module>
  <module name="sap/ui/unified/messagebundle_ko.properties" size="1458">
  </module>
  <module name="sap/ui/unified/messagebundle_lt.properties" size="1299">
  </module>
  <module name="sap/ui/unified/messagebundle_lv.properties" size="1337">
  </module>
  <module name="sap/ui/unified/messagebundle_nl.properties" size="1213">
  </module>
  <module name="sap/ui/unified/messagebundle_no.properties" size="1185">
  </module>
  <module name="sap/ui/unified/messagebundle_pl.properties" size="1366">
  </module>
  <module name="sap/ui/unified/messagebundle_pt.properties" size="1192">
  </module>
  <module name="sap/ui/unified/messagebundle_ro.properties" size="1230">
  </module>
  <module name="sap/ui/unified/messagebundle_ru.properties" size="2305">
  </module>
  <module name="sap/ui/unified/messagebundle_sh.properties" size="1175">
  </module>
  <module name="sap/ui/unified/messagebundle_sk.properties" size="1432">
  </module>
  <module name="sap/ui/unified/messagebundle_sl.properties" size="1197">
  </module>
  <module name="sap/ui/unified/messagebundle_sv.properties" size="1275">
  </module>
  <module name="sap/ui/unified/messagebundle_th.properties" size="2268">
  </module>
  <module name="sap/ui/unified/messagebundle_tr.properties" size="1320">
  </module>
  <module name="sap/ui/unified/messagebundle_uk.properties" size="2326">
  </module>
  <module name="sap/ui/unified/messagebundle_vi.properties" size="1609">
  </module>
  <module name="sap/ui/unified/messagebundle_zh_CN.properties" size="1342">
  </module>
  <module name="sap/ui/unified/messagebundle_zh_TW.properties" size="1374">
  </module>
</library>
